{
    "('p100', 'v100')": {
        "candle": {
            "p100": 1.9188005377049862,
            "v100": 1.55106678768845
        },
        "cv": {
            "p100": 2.297810571741488,
            "v100": 1.8487037611495065
        },
        "nlp": {
            "p100": 2.345773592819839,
            "v100": 1.8336973008366404
        }
    },
    "('p100', 'a100')": {
        "candle": {
            "p100": 1.9188005377049862,
            "a100": 0.7565739983530946
        },
        "cv": {
            "p100": 2.297810571741488,
            "a100": 0.9873210009293063
        },
        "nlp": {
            "p100": 2.345773592819839,
            "a100": 1.255950342906979
        }
    },
    "('v100', 'a100')": {
        "candle": {
            "v100": 2.918078612656404,
            "a100": 1.3715330831131818
        },
        "cv": {
            "v100": 3.2541994069663644,
            "a100": 1.6866693977075802
        },
        "nlp": {
            "v100": 3.3337250272624828,
            "a100": 2.2785614722888266
        }
    }
}