{
    "('p100', 'v100')": {
        "candle": 45.47927000968735,
        "cv": 41.1854542812177,
        "nlp": 44.41719560192995
    },
    "('p100', 'a100')": {
        "candle": 68.27283914818716,
        "cv": 60.212997983646645,
        "nlp": 59.009852884997755
    },
    "('v100', 'a100')": {
        "candle": 44.425165528041916,
        "cv": 35.7715058177859,
        "nlp": 25.58052671065508
    }
}