{
    "candle": {
        "1": 1.0,
        "2": 0.7383214917134532,
        "4": 0.3694198958795891
    },
    "cv": {
        "1": 1.0,
        "2": 0.6249778740789014,
        "4": 0.49337328556823373
    },
    "nlp": {
        "1": 1.0,
        "2": 0.5720986444140996,
        "4": 0.30679865503362824
    }
}