{
    "candle": {
        "1": 1.0,
        "2": 1.069739203804804,
        "4": 0.9787993028647314
    },
    "cv": {
        "1": 1.0,
        "2": 1.0011728343509083,
        "4": 1.2082763037721267
    },
    "nlp": {
        "1": 1.0,
        "2": 0.9517331449699583,
        "4": 0.9310592465743364
    }
}